"","day","constant","nonLinear"
"1",1,0,0
"2",2,85.8684985279686,257.352776027315
"3",3,171.736997055937,514.200443726207
"4",4,257.605495583906,770.543499273818
"5",5,343.473994111874,1026.38243884729
"6",6,429.342492639843,1281.71775862375
"7",7,515.210991167812,1536.54995478035
"8",8,601.07948969578,1790.87952349423
"9",9,686.947988223749,2044.70696094253
"10",10,772.816486751717,2298.03276330238
"11",11,858.684985279686,2550.85742675094
"12",12,944.553483807654,2803.18144746532
"13",13,1030.42198233562,3055.00532162269
"14",14,1116.29048086359,3306.32954540017
"15",15,1202.15897939156,3557.15461497491
"16",16,1288.02747791953,3807.48102652405
"17",17,1373.8959764475,4057.30927622472
"18",18,1459.76447497547,4306.63986025406
"19",19,1545.63297350343,4555.47327478923
"20",20,1631.5014720314,4803.81001600735
"21",21,1717.36997055937,5051.65058008556
"22",22,1803.23846908734,5298.99546320101
"23",23,1889.10696761531,5545.84516153084
"24",24,1974.97546614328,5792.20017125219
"25",25,2060.84396467125,6038.06098854218
"26",26,2146.71246319922,6283.42810957798
"27",27,2232.58096172718,6528.30203053671
"28",28,2318.44946025515,6772.68324759552
"29",29,2404.31795878312,7016.57225693154
"30",30,2490.18645731109,7259.96955472191
"31",31,2576.05495583906,7502.87563714378
"32",32,2661.92345436703,7745.29100037429
"33",33,2747.79195289499,7987.21614059057
"34",34,2833.66045142296,8228.65155396976
"35",35,2919.52894995093,8469.59773668902
"36",36,3005.3974484789,8710.05518492546
"37",37,3091.26594700687,8950.02439485624
"38",38,3177.13444553484,9189.5058626585
"39",39,3263.00294406281,9428.50008450936
"40",40,3348.87144259078,9667.00755658599
"41",41,3434.73994111874,9905.0287750655
"42",42,3520.60843964671,10142.5642361251
"43",43,3606.47693817468,10379.6144359418
"44",44,3692.34543670265,10616.1798706928
"45",45,3778.21393523062,10852.2610365553
"46",46,3864.08243375859,11087.8584297064
"47",47,3949.95093228655,11322.9725463232
"48",48,4035.81943081452,11557.6038825829
"49",49,4121.68792934249,11791.7529346626
"50",50,4207.55642787046,12025.4201987395
"51",51,4293.42492639843,12258.6061709906
"52",52,4379.2934249264,12491.3113475932
"53",53,4465.16192345437,12723.5362247244
"54",54,4551.03042198234,12955.2812985612
"55",55,4636.8989205103,13186.547065281
"56",56,4722.76741903827,13417.3340210607
"57",57,4808.63591756624,13647.6426620775
"58",58,4894.50441609421,13877.4734845087
"59",59,4980.37291462218,14106.8269845312
"60",60,5066.24141315015,14335.7036583223
"61",61,5152.10991167812,14564.1040020591
"62",62,5237.97841020608,14792.0285119187
"63",63,5323.84690873405,15019.4776840782
"64",64,5409.71540726202,15246.4520147149
"65",65,5495.58390578999,15472.9520000059
"66",66,5581.45240431796,15698.9781361282
"67",67,5667.32090284593,15924.5309192591
"68",68,5753.1894013739,16149.6108455756
"69",69,5839.05789990187,16374.218411255
"70",70,5924.92639842983,16598.3541124743
"71",71,6010.7948969578,16822.0184454107
"72",72,6096.66339548577,17045.2119062413
"73",73,6182.53189401374,17267.9349911433
"74",74,6268.40039254171,17490.1881962938
"75",75,6354.26889106968,17711.97201787
"76",76,6440.13738959764,17933.2869520489
"77",77,6526.00588812561,18154.1334950078
"78",78,6611.87438665358,18374.5121429238
"79",79,6697.74288518155,18594.4233919739
"80",80,6783.61138370952,18813.8677383354
"81",81,6869.47988223749,19032.8456781854
"82",82,6955.34838076546,19251.3577077011
"83",83,7041.21687929342,19469.4043230595
"84",84,7127.08537782139,19686.9860204378
"85",85,7212.95387634936,19904.1032960132
"86",86,7298.82237487733,20120.7566459627
"87",87,7384.6908734053,20336.9465664636
"88",88,7470.55937193327,20552.6735536929
"89",89,7556.42787046123,20767.9381038279
"90",90,7642.2963689892,20982.7407130456
"91",91,7728.16486751717,21197.0818775232
"92",92,7814.03336604514,21410.9620934379
"93",93,7899.90186457311,21624.3818569667
"94",94,7985.77036310108,21837.3416642868
"95",95,8071.63886162905,22049.8420115753
"96",96,8157.50736015701,22261.8833950095
"97",97,8243.37585868499,22473.4663107663
"98",98,8329.24435721295,22684.5912550231
"99",99,8415.11285574092,22895.2587239568
"100",100,8500.98135426889,23105.4692137447
"101",101,8586.84985279686,23315.2232205639
"102",102,8672.71835132483,23524.5212405915
"103",103,8758.5868498528,23733.3637700047
"104",104,8844.45534838076,23941.7513049806
"105",105,8930.32384690874,24149.6843416964
"106",106,9016.1923454367,24357.1633763291
"107",107,9102.06084396467,24564.1889050559
"108",108,9187.92934249264,24770.7614240541
"109",109,9273.79784102061,24976.8814295006
"110",110,9359.66633954858,25182.5494175726
"111",111,9445.53483807654,25387.7658844474
"112",112,9531.40333660451,25592.531326302
"113",113,9617.27183513248,25796.8462393136
"114",114,9703.14033366045,26000.7111196592
"115",115,9789.00883218842,26204.1264635162
"116",116,9874.87733071639,26407.0927670615
"117",117,9960.74582924436,26609.6105264723
"118",118,10046.6143277723,26811.6802379258
"119",119,10132.4828263003,27013.3023975991
"120",120,10218.3513248283,27214.4775016694
"121",121,10304.2198233562,27415.2060463137
"122",122,10390.0883218842,27615.4885277092
"123",123,10475.9568204122,27815.3254420332
"124",124,10561.8253189401,28014.7172854626
"125",125,10647.6938174681,28213.6645541747
"126",126,10733.5623159961,28412.1677443465
"127",127,10819.430814524,28610.2273521553
"128",128,10905.299313052,28807.8438737782
"129",129,10991.16781158,29005.0178053923
"130",130,11077.036310108,29201.7496431747
"131",131,11162.9048086359,29398.0398833025
"132",132,11248.7733071639,29593.8890219531
"133",133,11334.6418056919,29789.2975553034
"134",134,11420.5103042198,29984.2659795305
"135",135,11506.3788027478,30178.7947908118
"136",136,11592.2473012758,30372.8844853242
"137",137,11678.1157998037,30566.535559245
"138",138,11763.9842983317,30759.7485087512
"139",139,11849.8527968597,30952.52383002
"140",140,11935.7212953876,31144.8620192286
"141",141,12021.5897939156,31336.763572554
"142",142,12107.4582924436,31528.2289861735
"143",143,12193.3267909715,31719.2587562641
"144",144,12279.1952894995,31909.853379003
"145",145,12365.0637880275,32100.0133505674
"146",146,12450.9322865554,32289.7391671344
"147",147,12536.8007850834,32479.0313248811
"148",148,12622.6692836114,32667.8903199846
"149",149,12708.5377821394,32856.3166486222
"150",150,12794.4062806673,33044.3108069709
"151",151,12880.2747791953,33231.8732912079
"152",152,12966.1432777233,33419.0045975103
"153",153,13052.0117762512,33605.7052220552
"154",154,13137.8802747792,33791.9756610199
"155",155,13223.7487733072,33977.8164105815
"156",156,13309.6172718351,34163.2279669169
"157",157,13395.4857703631,34348.2108262035
"158",158,13481.3542688911,34532.7654846185
"159",159,13567.222767419,34716.8924383387
"160",160,13653.091265947,34900.5921835416
"161",161,13738.959764475,35083.8652164041
"162",162,13824.8282630029,35266.7120331034
"163",163,13910.6967615309,35449.1331298167
"164",164,13996.5652600589,35631.1290027211
"165",165,14082.4337585868,35812.7001479938
"166",166,14168.3022571148,35993.8470618118
"167",167,14254.1707556428,36174.5702403523
"168",168,14340.0392541708,36354.8701797925
"169",169,14425.9077526987,36534.7473763096
"170",170,14511.7762512267,36714.2023260805
"171",171,14597.6447497547,36893.2355252826
"172",172,14683.5132482826,37071.8474700928
"173",173,14769.3817468106,37250.0386566884
"174",174,14855.2502453386,37427.8095812465
"175",175,14941.1187438665,37605.1607399443
"176",176,15026.9872423945,37782.0926289588
"177",177,15112.8557409225,37958.6057444673
"178",178,15198.7242394504,38134.7005826468
"179",179,15284.5927379784,38310.3776396745
"180",180,15370.4612365064,38485.6374117276
"181",181,15456.3297350343,38660.4803949832
"182",182,15542.1982335623,38834.9070856183
"183",183,15628.0667320903,39008.9179798102
"184",184,15713.9352306182,39182.5135737361
"185",185,15799.8037291462,39355.6943635729
"186",186,15885.6722276742,39528.460845498
"187",187,15971.5407262022,39700.8135156884
"188",188,16057.4092247301,39872.7528703212
"189",189,16143.2777232581,40044.2794055736
"190",190,16229.1462217861,40215.3936176228
"191",191,16315.014720314,40386.0960026458
"192",192,16400.883218842,40556.3870568199
"193",193,16486.75171737,40726.2672763221
"194",194,16572.6202158979,40895.7371573297
"195",195,16658.4887144259,41064.7971960196
"196",196,16744.3572129539,41233.4478885692
"197",197,16830.2257114818,41401.6897311554
"198",198,16916.0942100098,41569.5232199555
"199",199,17001.9627085378,41736.9488511467
"200",200,17087.8312070657,41903.9671209059
"201",201,17173.6997055937,42070.5785254105
"202",202,17259.5682041217,42236.7835608374
"203",203,17345.4367026497,42402.582723364
"204",204,17431.3052011776,42567.9765091671
"205",205,17517.1736997056,42732.9654144242
"206",206,17603.0421982336,42897.5499353122
"207",207,17688.9106967615,43061.7305680084
"208",208,17774.7791952895,43225.5078086898
"209",209,17860.6476938175,43388.8821535336
"210",210,17946.5161923454,43551.854098717
"211",211,18032.3846908734,43714.424140417
"212",212,18118.2531894014,43876.5927748108
"213",213,18204.1216879293,44038.3604980756
"214",214,18289.9901864573,44199.7278063885
"215",215,18375.8586849853,44360.6951959266
"216",216,18461.7271835132,44521.2631628672
"217",217,18547.5956820412,44681.4322033872
"218",218,18633.4641805692,44841.2028136638
"219",219,18719.3326790972,45000.5754898743
"220",220,18805.2011776251,45159.5507281957
"221",221,18891.0696761531,45318.1290248052
"222",222,18976.9381746811,45476.31087588
"223",223,19062.806673209,45634.096777597
"224",224,19148.675171737,45791.4872261336
"225",225,19234.543670265,45948.4827176668
"226",226,19320.4121687929,46105.0837483737
"227",227,19406.2806673209,46261.2908144316
"228",228,19492.1491658489,46417.1044120176
"229",229,19578.0176643768,46572.5250373088
"230",230,19663.8861629048,46727.5531864822
"231",231,19749.7546614328,46882.1893557152
"232",232,19835.6231599607,47036.4340411847
"233",233,19921.4916584887,47190.2877390681
"234",234,20007.3601570167,47343.7509455423
"235",235,20093.2286555447,47496.8241567846
"236",236,20179.0971540726,47649.507868972
"237",237,20264.9656526006,47801.8025782818
"238",238,20350.8341511286,47953.708780891
"239",239,20436.7026496565,48105.2269729768
"240",240,20522.5711481845,48256.3576507163
"241",241,20608.4396467125,48407.1013102867
"242",242,20694.3081452404,48557.4584478651
"243",243,20780.1766437684,48707.4295596287
"244",244,20866.0451422964,48857.0151417546
"245",245,20951.9136408243,49006.2156904199
"246",246,21037.7821393523,49155.0317018018
"247",247,21123.6506378803,49303.4636720774
"248",248,21209.5191364082,49451.5120974238
"249",249,21295.3876349362,49599.1774740183
"250",250,21381.2561334642,49746.4602980379
"251",251,21467.1246319921,49893.3610656597
"252",252,21552.9931305201,50039.880273061
"253",253,21638.8616290481,50186.0184164188
"254",254,21724.7301275761,50331.7759919103
"255",255,21810.598626104,50477.1534957127
"256",256,21896.467124632,50622.151424003
"257",257,21982.33562316,50766.7702729584
"258",258,22068.2041216879,50911.0105387561
"259",259,22154.0726202159,51054.8727175732
"260",260,22239.9411187439,51198.3573055868
"261",261,22325.8096172718,51341.4647989741
"262",262,22411.6781157998,51484.1956939122
"263",263,22497.5466143278,51626.5504865783
"264",264,22583.4151128557,51768.5296731494
"265",265,22669.2836113837,51910.1337498028
"266",266,22755.1521099117,52051.3632127156
"267",267,22841.0206084396,52192.2185580648
"268",268,22926.8891069676,52332.7002820277
"269",269,23012.7576054956,52472.8088807814
"270",270,23098.6261040236,52612.5448505031
"271",271,23184.4946025515,52751.9086873698
"272",272,23270.3631010795,52890.9008875587
"273",273,23356.2315996075,53029.521947247
"274",274,23442.1000981354,53167.7723626118
"275",275,23527.9685966634,53305.6526298302
"276",276,23613.8370951914,53443.1632450793
"277",277,23699.7055937193,53580.3047045364
"278",278,23785.5740922473,53717.0775043786
"279",279,23871.4425907753,53853.4821407829
"280",280,23957.3110893032,53989.5191099266
"281",281,24043.1795878312,54125.1889079867
"282",282,24129.0480863592,54260.4920311404
"283",283,24214.9165848871,54395.4289755649
"284",284,24300.7850834151,54530.0002374373
"285",285,24386.6535819431,54664.2063129347
"286",286,24472.522080471,54798.0476982343
"287",287,24558.390578999,54931.5248895132
"288",288,24644.259077527,55064.6383829485
"289",289,24730.127576055,55197.3886747175
"290",290,24815.9960745829,55329.7762609971
"291",291,24901.8645731109,55461.8016379646
"292",292,24987.7330716389,55593.4653017972
"293",293,25073.6015701668,55724.7677486719
"294",294,25159.4700686948,55855.7094747659
"295",295,25245.3385672228,55986.2909762563
"296",296,25331.2070657507,56116.5127493203
"297",297,25417.0755642787,56246.375290135
"298",298,25502.9440628067,56375.8790948775
"299",299,25588.8125613346,56505.024659725
"300",300,25674.6810598626,56633.8124808547
"301",301,25760.5495583906,56762.2430544436
"302",302,25846.4180569185,56890.316876669
"303",303,25932.2865554465,57018.0344437079
"304",304,26018.1550539745,57145.3962517374
"305",305,26104.0235525025,57272.4027969348
"306",306,26189.8920510304,57399.0545754772
"307",307,26275.7605495584,57525.3520835417
"308",308,26361.6290480864,57651.2958173054
"309",309,26447.4975466143,57776.8862729456
"310",310,26533.3660451423,57902.1239466392
"311",311,26619.2345436703,58027.0093345635
"312",312,26705.1030421982,58151.5429328956
"313",313,26790.9715407262,58275.7252378127
"314",314,26876.8400392542,58399.5567454919
"315",315,26962.7085377821,58523.0379521103
"316",316,27048.5770363101,58646.169353845
"317",317,27134.4455348381,58768.9514468733
"318",318,27220.314033366,58891.3847273722
"319",319,27306.182531894,59013.4696915189
"320",320,27392.051030422,59135.2068354905
"321",321,27477.9195289499,59256.5966554642
"322",322,27563.7880274779,59377.6396476171
"323",323,27649.6565260059,59498.3363081264
"324",324,27735.5250245339,59618.6871331691
"325",325,27821.3935230618,59738.6926189225
"326",326,27907.2620215898,59858.3532615636
"327",327,27993.1305201178,59977.6695572696
"328",328,28078.9990186457,60096.6420022177
"329",329,28164.8675171737,60215.271092585
"330",330,28250.7360157017,60333.5573245486
"331",331,28336.6045142296,60451.5011942856
"332",332,28422.4730127576,60569.1031979733
"333",333,28508.3415112856,60686.3638317887
"334",334,28594.2100098135,60803.283591909
"335",335,28680.0785083415,60919.8629745113
"336",336,28765.9470068695,61036.1024757728
"337",337,28851.8155053975,61152.0025918706
"338",338,28937.6840039254,61267.5638189818
"339",339,29023.5525024534,61382.7866532837
"340",340,29109.4210009814,61497.6715909532
"341",341,29195.2894995093,61612.2191281676
"342",342,29281.1579980373,61726.4297611041
"343",343,29367.0264965653,61840.3039859396
"344",344,29452.8949950932,61953.8422988515
"345",345,29538.7634936212,62067.0451960168
"346",346,29624.6319921492,62179.9131736126
"347",347,29710.5004906771,62292.4467278161
"348",348,29796.3689892051,62404.6463548045
"349",349,29882.2374877331,62516.5125507549
"350",350,29968.105986261,62628.0458118444
"351",351,30053.974484789,62739.2466342502
"352",352,30139.842983317,62850.1155141493
"353",353,30225.7114818449,62960.6529477191
"354",354,30311.5799803729,63070.8594311365
"355",355,30397.4484789009,63180.7354605787
"356",356,30483.3169774289,63290.2815322229
"357",357,30569.1854759568,63399.4981422462
"358",358,30655.0539744848,63508.3857868257
"359",359,30740.9224730128,63616.9449621386
"360",360,30826.7909715407,63725.176164362
"361",361,30912.6594700687,63833.0798896731
"362",362,30998.5279685967,63940.656634249
"363",363,31084.3964671246,64047.9068942669
"364",364,31170.2649656526,64154.8311659038
"365",365,31256.1334641806,64261.429945337
"366",366,31342.0019627085,64367.7037287435
"367",367,31427.8704612365,64473.6530123005
"368",368,31513.7389597645,64579.2782921852
"369",369,31599.6074582924,64684.5800645746
"370",370,31685.4759568204,64789.558825646
"371",371,31771.3444553484,64894.2150715764
"372",372,31857.2129538763,64998.5492985431
"373",373,31943.0814524043,65102.562002723
"374",374,32028.9499509323,65206.2536802935
"375",375,32114.8184494603,65309.6248274316
"376",376,32200.6869479882,65412.6759403144
"377",377,32286.5554465162,65515.4075151192
"378",378,32372.4239450442,65617.820048023
"379",379,32458.2924435721,65719.9140352029
"380",380,32544.1609421001,65821.6899728362
"381",381,32630.0294406281,65923.1483571
"382",382,32715.897939156,66024.2896841713
"383",383,32801.766437684,66125.1144502274
"384",384,32887.634936212,66225.6231514454
"385",385,32973.5034347399,66325.8162840024
"386",386,33059.3719332679,66425.6943440756
"387",387,33145.2404317959,66525.257827842
"388",388,33231.1089303238,66624.5072314789
"389",389,33316.9774288518,66723.4430511634
"390",390,33402.8459273798,66822.0657830726
"391",391,33488.7144259078,66920.3759233836
"392",392,33574.5829244357,67018.3739682737
"393",393,33660.4514229637,67116.0604139199
"394",394,33746.3199214917,67213.4357564994
"395",395,33832.1884200196,67310.5004921893
"396",396,33918.0569185476,67407.2551171667
"397",397,34003.9254170756,67503.7001276089
"398",398,34089.7939156035,67599.8360196929
"399",399,34175.6624141315,67695.6632895959
"400",400,34261.5309126595,67791.182433495
"401",401,34347.3994111874,67886.3939475674
"402",402,34433.2679097154,67981.2983279901
"403",403,34519.1364082434,68075.8960709404
"404",404,34605.0049067713,68170.1876725954
"405",405,34690.8734052993,68264.1736291322
"406",406,34776.7419038273,68357.8544367279
"407",407,34862.6104023552,68451.2305915598
"408",408,34948.4789008832,68544.3025898049
"409",409,35034.3473994112,68637.0709276404
"410",410,35120.2158979392,68729.5361012434
"411",411,35206.0843964671,68821.698606791
"412",412,35291.9528949951,68913.5589404605
"413",413,35377.8213935231,69005.1175984288
"414",414,35463.689892051,69096.3750768733
"415",415,35549.558390579,69187.331871971
"416",416,35635.426889107,69277.988479899
"417",417,35721.2953876349,69368.3453968346
"418",418,35807.1638861629,69458.4031189548
"419",419,35893.0323846909,69548.1621424367
"420",420,35978.9008832188,69637.6229634576
"421",421,36064.7693817468,69726.7860781945
"422",422,36150.6378802748,69815.6519828246
"423",423,36236.5063788027,69904.2211735251
"424",424,36322.3748773307,69992.4941464731
"425",425,36408.2433758587,70080.4713978456
"426",426,36494.1118743866,70168.1534238199
"427",427,36579.9803729146,70255.5407205731
"428",428,36665.8488714426,70342.6337842824
"429",429,36751.7173699706,70429.4331111248
"430",430,36837.5858684985,70515.9391972776
"431",431,36923.4543670265,70602.1525389178
"432",432,37009.3228655545,70688.0736322226
"433",433,37095.1913640824,70773.7029733691
"434",434,37181.0598626104,70859.0410585345
"435",435,37266.9283611384,70944.0883838959
"436",436,37352.7968596663,71028.8454456305
"437",437,37438.6653581943,71113.3127399154
"438",438,37524.5338567223,71197.4907629277
"439",439,37610.4023552502,71281.3800108446
"440",440,37696.2708537782,71364.9809798432
"441",441,37782.1393523062,71448.2941661007
"442",442,37868.0078508341,71531.3200657941
"443",443,37953.8763493621,71614.0591751007
"444",444,38039.7448478901,71696.5119901976
"445",445,38125.6133464181,71778.6790072619
"446",446,38211.481844946,71860.5607224707
"447",447,38297.350343474,71942.1576320013
"448",448,38383.218842002,72023.4702320306
"449",449,38469.0873405299,72104.499018736
"450",450,38554.9558390579,72185.2444882945
"451",451,38640.8243375859,72265.7071368832
"452",452,38726.6928361138,72345.8874606793
"453",453,38812.5613346418,72425.7859558599
"454",454,38898.4298331698,72505.4031186022
"455",455,38984.2983316977,72584.7394450834
"456",456,39070.1668302257,72663.7954314804
"457",457,39156.0353287537,72742.5715739706
"458",458,39241.9038272816,72821.0683687311
"459",459,39327.7723258096,72899.2863119388
"460",460,39413.6408243376,72977.2258997711
"461",461,39499.5093228656,73054.8876284051
"462",462,39585.3778213935,73132.2719940179
"463",463,39671.2463199215,73209.3794927865
"464",464,39757.1148184495,73286.2106208883
"465",465,39842.9833169774,73362.7658745003
"466",466,39928.8518155054,73439.0457497996
"467",467,40014.7203140334,73515.0507429634
"468",468,40100.5888125613,73590.7813501689
"469",469,40186.4573110893,73666.2380675931
"470",470,40272.3258096173,73741.4213914132
"471",471,40358.1943081452,73816.3318178064
"472",472,40444.0628066732,73890.9698429498
"473",473,40529.9313052012,73965.3359630205
"474",474,40615.7998037291,74039.4306741957
"475",475,40701.6683022571,74113.2544726525
"476",476,40787.5368007851,74186.807854568
"477",477,40873.4052993131,74260.0913161195
"478",478,40959.273797841,74333.105353484
"479",479,41045.142296369,74405.8504628386
"480",480,41131.010794897,74478.3271403606
"481",481,41216.8792934249,74550.535882227
"482",482,41302.7477919529,74622.477184615
"483",483,41388.6162904809,74694.1515437017
"484",484,41474.4847890088,74765.5594556643
"485",485,41560.3532875368,74836.7014166799
"486",486,41646.2217860648,74907.5779229257
"487",487,41732.0902845927,74978.1894705788
"488",488,41817.9587831207,75048.5365558163
"489",489,41903.8272816487,75118.6196748153
"490",490,41989.6957801766,75188.4393237531
"491",491,42075.5642787046,75257.9959988068
"492",492,42161.4327772326,75327.2901961534
"493",493,42247.3012757605,75396.3224119701
"494",494,42333.1697742885,75465.0931424341
"495",495,42419.0382728165,75533.6028837226
"496",496,42504.9067713445,75601.8521320125
"497",497,42590.7752698724,75669.8413834812
"498",498,42676.6437684004,75737.5711343057
"499",499,42762.5122669284,75805.0418806632
"500",500,42848.3807654563,75872.2541187308
"501",501,42934.2492639843,75939.2083446856
"502",502,43020.1177625123,76005.9050547048
"503",503,43105.9862610402,76072.3447449656
"504",504,43191.8547595682,76138.527911645
"505",505,43277.7232580962,76204.4550509202
"506",506,43363.5917566241,76270.1266589684
"507",507,43449.4602551521,76335.5432319667
"508",508,43535.3287536801,76400.7052660921
"509",509,43621.197252208,76465.613257522
"510",510,43707.065750736,76530.2677024334
"511",511,43792.934249264,76594.6690970034
"512",512,43878.8027477919,76658.8179374092
"513",513,43964.6712463199,76722.714719828
"514",514,44050.5397448479,76786.3599404368
"515",515,44136.4082433759,76849.7540954128
"516",516,44222.2767419038,76912.8976809332
"517",517,44308.1452404318,76975.791193175
"518",518,44394.0137389598,77038.4351283155
"519",519,44479.8822374877,77100.8299825318
"520",520,44565.7507360157,77162.9762520009
"521",521,44651.6192345437,77224.8744329001
"522",522,44737.4877330716,77286.5250214065
"523",523,44823.3562315996,77347.9285136972
"524",524,44909.2247301276,77409.0854059494
"525",525,44995.0932286555,77469.9961943402
"526",526,45080.9617271835,77530.6613750468
"527",527,45166.8302257115,77591.0814442462
"528",528,45252.6987242394,77651.2568981157
"529",529,45338.5672227674,77711.1882328323
"530",530,45424.4357212954,77770.8759445733
"531",531,45510.3042198234,77830.3205295156
"532",532,45596.1727183513,77889.5224838366
"533",533,45682.0412168793,77948.4823037133
"534",534,45767.9097154073,78007.2004853229
"535",535,45853.7782139352,78065.6775248424
"536",536,45939.6467124632,78123.9139184492
"537",537,46025.5152109912,78181.9101623202
"538",538,46111.3837095191,78239.6667526326
"539",539,46197.2522080471,78297.1841855636
"540",540,46283.1207065751,78354.4629572903
"541",541,46368.989205103,78411.5035639898
"542",542,46454.857703631,78468.3065018394
"543",543,46540.726202159,78524.872267016
"544",544,46626.5947006869,78581.201355697
"545",545,46712.4631992149,78637.2942640593
"546",546,46798.3316977429,78693.1514882802
"547",547,46884.2001962708,78748.7735245367
"548",548,46970.0686947988,78804.1608690061
"549",549,47055.9371933268,78859.3140178655
"550",550,47141.8056918548,78914.2334672919
"551",551,47227.6741903827,78968.9197134626
"552",552,47313.5426889107,79023.3732525547
"553",553,47399.4111874387,79077.5945807453
"554",554,47485.2796859666,79131.5841942116
"555",555,47571.1481844946,79185.3425891307
"556",556,47657.0166830226,79238.8702616797
"557",557,47742.8851815505,79292.1677080358
"558",558,47828.7536800785,79345.2354243762
"559",559,47914.6221786065,79398.0739068779
"560",560,48000.4906771344,79450.6836517181
"561",561,48086.3591756624,79503.0651550739
"562",562,48172.2276741904,79555.2189131226
"563",563,48258.0961727184,79607.1454220411
"564",564,48343.9646712463,79658.8451780068
"565",565,48429.8331697743,79710.3186771966
"566",566,48515.7016683023,79761.5664157877
"567",567,48601.5701668302,79812.5888899574
"568",568,48687.4386653582,79863.3865958827
"569",569,48773.3071638862,79913.9600297407
"570",570,48859.1756624141,79964.3096877087
"571",571,48945.0441609421,80014.4360659637
"572",572,49030.9126594701,80064.3396606828
"573",573,49116.781157998,80114.0209680433
"574",574,49202.649656526,80163.4804842223
"575",575,49288.518155054,80212.7187053968
"576",576,49374.3866535819,80261.7361277441
"577",577,49460.2551521099,80310.5332474413
"578",578,49546.1236506379,80359.1105606655
"579",579,49631.9921491658,80407.4685635939
"580",580,49717.8606476938,80455.6077524036
"581",581,49803.7291462218,80503.5286232717
"582",582,49889.5976447498,80551.2316723754
"583",583,49975.4661432777,80598.7173958918
"584",584,50061.3346418057,80645.9862899981
"585",585,50147.2031403337,80693.0388508714
"586",586,50233.0716388616,80739.8755746888
"587",587,50318.9401373896,80786.4969576275
"588",588,50404.8086359176,80832.9034958646
"589",589,50490.6771344455,80879.0956855773
"590",590,50576.5456329735,80925.0740229427
"591",591,50662.4141315015,80970.8390041379
"592",592,50748.2826300294,81016.3911253401
"593",593,50834.1511285574,81061.7308827265
"594",594,50920.0196270854,81106.8587724741
"595",595,51005.8881256133,81151.7752907601
"596",596,51091.7566241413,81196.4809337616
"597",597,51177.6251226693,81240.9761976558
"598",598,51263.4936211972,81285.2615786198
"599",599,51349.3621197252,81329.3375728308
"600",600,51435.2306182532,81373.2046764659
"601",601,51521.0991167812,81416.8633857023
"602",602,51606.9676153091,81460.314196717
"603",603,51692.8361138371,81503.5576056873
"604",604,51778.7046123651,81546.5941087901
"605",605,51864.573110893,81589.4242022028
"606",606,51950.441609421,81632.0483821025
"607",607,52036.310107949,81674.4671446662
"608",608,52122.1786064769,81716.6809860712
"609",609,52208.0471050049,81758.6904024944
"610",610,52293.9156035329,81800.4958901132
"611",611,52379.7841020608,81842.0979451047
"612",612,52465.6526005888,81883.4970636459
"613",613,52551.5210991168,81924.693741914
"614",614,52637.3895976447,81965.6884760862
"615",615,52723.2580961727,82006.4817623396
"616",616,52809.1265947007,82047.0740968513
"617",617,52894.9950932286,82087.4659757986
"618",618,52980.8635917566,82127.6578953584
"619",619,53066.7320902846,82167.650351708
"620",620,53152.6005888126,82207.4438410245
"621",621,53238.4690873405,82247.038859485
"622",622,53324.3375858685,82286.4359032667
"623",623,53410.2060843965,82325.6354685467
"624",624,53496.0745829244,82364.6380515022
"625",625,53581.9430814524,82403.4441483103
"626",626,53667.8115799804,82442.0542551481
"627",627,53753.6800785083,82480.4688681928
"628",628,53839.5485770363,82518.6884836215
"629",629,53925.4170755643,82556.7135976114
"630",630,54011.2855740922,82594.5447063395
"631",631,54097.1540726202,82632.1823059832
"632",632,54183.0225711482,82669.6268927193
"633",633,54268.8910696762,82706.8789627252
"634",634,54354.7595682041,82743.939012178
"635",635,54440.6280667321,82780.8075372547
"636",636,54526.4965652601,82817.4850341326
"637",637,54612.365063788,82853.9719989888
"638",638,54698.233562316,82890.2689280004
"639",639,54784.102060844,82926.3763173445
"640",640,54869.9705593719,82962.2946631984
"641",641,54955.8390578999,82998.024461739
"642",642,55041.7075564279,83033.5662091437
"643",643,55127.5760549558,83068.9204015894
"644",644,55213.4445534838,83104.0875352535
"645",645,55299.3130520118,83139.0681063129
"646",646,55385.1815505397,83173.8626109449
"647",647,55471.0500490677,83208.4715453265
"648",648,55556.9185475957,83242.8954056349
"649",649,55642.7870461237,83277.1346880473
"650",650,55728.6555446516,83311.1898887408
"651",651,55814.5240431796,83345.0615038925
"652",652,55900.3925417076,83378.7500296797
"653",653,55986.2610402355,83412.2559622793
"654",654,56072.1295387635,83445.5797978686
"655",655,56157.9980372915,83478.7220326246
"656",656,56243.8665358194,83511.6831627246
"657",657,56329.7350343474,83544.4636843457
"658",658,56415.6035328754,83577.064093665
"659",659,56501.4720314033,83609.4848868597
"660",660,56587.3405299313,83641.7265601068
"661",661,56673.2090284593,83673.7896095836
"662",662,56759.0775269872,83705.6745314672
"663",663,56844.9460255152,83737.3818219346
"664",664,56930.8145240432,83768.9119771632
"665",665,57016.6830225711,83800.2654933299
"666",666,57102.5515210991,83831.442866612
"667",667,57188.4200196271,83862.4445931865
"668",668,57274.2885181551,83893.2711692306
"669",669,57360.157016683,83923.9230909215
"670",670,57446.025515211,83954.4008544363
"671",671,57531.8940137389,83984.7049559521
"672",672,57617.7625122669,84014.8358916461
"673",673,57703.6310107949,84044.7941576954
"674",674,57789.4995093229,84074.5802502772
"675",675,57875.3680078508,84104.1946655686
"676",676,57961.2365063788,84133.6378997467
"677",677,58047.1050049068,84162.9104489886
"678",678,58132.9735034347,84192.0128094716
"679",679,58218.8420019627,84220.9454773727
"680",680,58304.7105004907,84249.7089488691
"681",681,58390.5789990186,84278.303720138
"682",682,58476.4474975466,84306.7302873564
"683",683,58562.3159960746,84334.9891467016
"684",684,58648.1844946025,84363.0807943506
"685",685,58734.0529931305,84391.0057264806
"686",686,58819.9214916585,84418.7644392687
"687",687,58905.7899901865,84446.357428892
"688",688,58991.6584887144,84473.7851915279
"689",689,59077.5269872424,84501.0482233532
"690",690,59163.3954857704,84528.1470205452
"691",691,59249.2639842983,84555.0820792811
"692",692,59335.1324828263,84581.853895738
"693",693,59421.0009813543,84608.4629660929
"694",694,59506.8694798822,84634.9097865231
"695",695,59592.7379784102,84661.1948532058
"696",696,59678.6064769382,84687.3186623179
"697",697,59764.4749754661,84713.2817100367
"698",698,59850.3434739941,84739.0844925393
"699",699,59936.2119725221,84764.7275060029
"700",700,60022.08047105,84790.2112466045
"701",701,60107.948969578,84815.5362105214
"702",702,60193.817468106,84840.7028939307
"703",703,60279.6859666339,84865.7117930094
"704",704,60365.5544651619,84890.5634039349
"705",705,60451.4229636899,84915.2582228841
"706",706,60537.2914622179,84939.7967460342
"707",707,60623.1599607458,84964.1794695624
"708",708,60709.0284592738,84988.4068896458
"709",709,60794.8969578018,85012.4795024616
"710",710,60880.7654563297,85036.3978041869
"711",711,60966.6339548577,85060.1622909988
"712",712,61052.5024533857,85083.7734590744
"713",713,61138.3709519136,85107.231804591
"714",714,61224.2394504416,85130.5378237256
"715",715,61310.1079489696,85153.6920126554
"716",716,61395.9764474975,85176.6948675576
"717",717,61481.8449460255,85199.5468846092
"718",718,61567.7134445535,85222.2485599874
"719",719,61653.5819430815,85244.8003898693
"720",720,61739.4504416094,85267.2028704322
"721",721,61825.3189401374,85289.4564978531
"722",722,61911.1874386654,85311.5617683091
"723",723,61997.0559371933,85333.5191779775
"724",724,62082.9244357213,85355.3292230353
"725",725,62168.7929342493,85376.9923996597
"726",726,62254.6614327772,85398.5092040278
"727",727,62340.5299313052,85419.8801323168
"728",728,62426.3984298332,85441.1056807038
"729",729,62512.2669283611,85462.186345366
"730",730,62598.1354268891,85483.1226224804
"731",731,62684.0039254171,85503.9150082243
"732",732,62769.872423945,85524.5639987747
"733",733,62855.740922473,85545.0700903088
"734",734,62941.609421001,85565.4337790038
"735",735,63027.4779195289,85585.6555610368
"736",736,63113.3464180569,85605.7359325849
"737",737,63199.2149165849,85625.6753898253
"738",738,63285.0834151129,85645.474428935
"739",739,63370.9519136408,85665.1335460914
"740",740,63456.8204121688,85684.6532374714
"741",741,63542.6889106968,85704.0339992522
"742",742,63628.5574092247,85723.276327611
"743",743,63714.4259077527,85742.3807187249
"744",744,63800.2944062807,85761.3476687711
"745",745,63886.1629048086,85780.1776739266
"746",746,63972.0314033366,85798.8712303687
"747",747,64057.8999018646,85817.4288342745
"748",748,64143.7684003925,85835.850981821
"749",749,64229.6368989205,85854.1381691855
"750",750,64315.5053974485,85872.2908925451
"751",751,64401.3738959764,85890.3096480769
"752",752,64487.2423945044,85908.194931958
"753",753,64573.1108930324,85925.9472403657
"754",754,64658.9793915604,85943.567069477
"755",755,64744.8478900883,85961.0549154691
"756",756,64830.7163886163,85978.4112745192
"757",757,64916.5848871443,85995.6366428043
"758",758,65002.4533856722,86012.7315165016
"759",759,65088.3218842002,86029.6963917882
"760",760,65174.1903827282,86046.5317648413
"761",761,65260.0588812561,86063.2381318381
"762",762,65345.9273797841,86079.8159889556
"763",763,65431.7958783121,86096.265832371
"764",764,65517.66437684,86112.5881582615
"765",765,65603.532875368,86128.7834628042
"766",766,65689.401373896,86144.8522421762
"767",767,65775.2698724239,86160.7949925546
"768",768,65861.1383709519,86176.6122101166
"769",769,65947.0068694799,86192.3043910394
"770",770,66032.8753680079,86207.8720315001
"771",771,66118.7438665358,86223.3156276758
"772",772,66204.6123650638,86238.6356757437
"773",773,66290.4808635918,86253.8326718809
"774",774,66376.3493621197,86268.9071122645
"775",775,66462.2178606477,86283.8594930716
"776",776,66548.0863591756,86298.6903104796
"777",777,66633.9548577036,86313.4000606654
"778",778,66719.8233562316,86327.9892398061
"779",779,66805.6918547596,86342.4583440791
"780",780,66891.5603532875,86356.8078696613
"781",781,66977.4288518155,86371.0383127299
"782",782,67063.2973503435,86385.1501694621
"783",783,67149.1658488714,86399.143936035
"784",784,67235.0343473994,86413.0201086258
"785",785,67320.9028459274,86426.7791834115
"786",786,67406.7713444554,86440.4216565693
"787",787,67492.6398429833,86453.9480242765
"788",788,67578.5083415113,86467.35878271
"789",789,67664.3768400392,86480.654428047
"790",790,67750.2453385672,86493.8354564648
"791",791,67836.1138370952,86506.9023641403
"792",792,67921.9823356231,86519.8556472508
"793",793,68007.8508341511,86532.6958019735
"794",794,68093.7193326791,86545.4233244853
"795",795,68179.5878312071,86558.0387109636
"796",796,68265.456329735,86570.5424575854
"797",797,68351.324828263,86582.9350605278
"798",798,68437.193326791,86595.217015968
"799",799,68523.0618253189,86607.3888200832
"800",800,68608.9303238469,86619.4509690504
"801",801,68694.7988223749,86631.4039590469
"802",802,68780.6673209028,86643.2482862498
"803",803,68866.5358194308,86654.9844468361
"804",804,68952.4043179588,86666.6129369831
"805",805,69038.2728164867,86678.1342528678
"806",806,69124.1413150147,86689.5488906675
"807",807,69210.0098135427,86700.8573465592
"808",808,69295.8783120707,86712.0601167202
"809",809,69381.7468105986,86723.1576973275
"810",810,69467.6153091266,86734.1505845582
"811",811,69553.4838076546,86745.0392745896
"812",812,69639.3523061825,86755.8242635988
"813",813,69725.2208047105,86766.5060477628
"814",814,69811.0893032385,86777.0851232589
"815",815,69896.9578017664,86787.5619862641
"816",816,69982.8263002944,86797.9371329557
"817",817,70068.6947988224,86808.2110595108
"818",818,70154.5632973503,86818.3842621064
"819",819,70240.4317958783,86828.4572369198
"820",820,70326.3002944063,86838.4304801281
"821",821,70412.1687929342,86848.3044879083
"822",822,70498.0372914622,86858.0797564378
"823",823,70583.9057899902,86867.7567818935
"824",824,70669.7742885182,86877.3360604527
"825",825,70755.6427870461,86886.8180882924
"826",826,70841.5112855741,86896.2033615899
"827",827,70927.3797841021,86905.4923765222
"828",828,71013.24828263,86914.6856292666
"829",829,71099.116781158,86923.783616
"830",830,71184.985279686,86932.7868328998
"831",831,71270.8537782139,86941.695776143
"832",832,71356.7222767419,86950.5109419067
"833",833,71442.5907752699,86959.2328263681
"834",834,71528.4592737978,86967.8619257044
"835",835,71614.3277723258,86976.3987360926
"836",836,71700.1962708538,86984.84375371
"837",837,71786.0647693817,86993.1974747336
"838",838,71871.9332679097,87001.4603953406
"839",839,71957.8017664377,87009.6330117081
"840",840,72043.6702649657,87017.7158200134
"841",841,72129.5387634936,87025.7093164334
"842",842,72215.4072620216,87033.6139971454
"843",843,72301.2757605496,87041.4303583265
"844",844,72387.1442590775,87049.1588961538
"845",845,72473.0127576055,87056.8001068045
"846",846,72558.8812561335,87064.3544864558
"847",847,72644.7497546614,87071.8225312846
"848",848,72730.6182531894,87079.2047374683
"849",849,72816.4867517174,87086.5016011839
"850",850,72902.3552502453,87093.7136186087
"851",851,72988.2237487733,87100.8412859196
"852",852,73074.0922473013,87107.8850992938
"853",853,73159.9607458292,87114.8455549086
"854",854,73245.8292443572,87121.723148941
"855",855,73331.6977428852,87128.5183775682
"856",856,73417.5662414132,87135.2317369673
"857",857,73503.4347399411,87141.8637233154
"858",858,73589.3032384691,87148.4148327897
"859",859,73675.171736997,87154.8855615674
"860",860,73761.040235525,87161.2764058256
"861",861,73846.908734053,87167.5878617413
"862",862,73932.7772325809,87173.8204254919
"863",863,74018.6457311089,87179.9745932543
"864",864,74104.5142296369,87186.0508612057
"865",865,74190.3827281649,87192.0497255234
"866",866,74276.2512266928,87197.9716823843
"867",867,74362.1197252208,87203.8172279657
"868",868,74447.9882237488,87209.5868584447
"869",869,74533.8567222767,87215.2810699984
"870",870,74619.7252208047,87220.900358804
"871",871,74705.5937193327,87226.4452210387
"872",872,74791.4622178606,87231.9161528794
"873",873,74877.3307163886,87237.3136505035
"874",874,74963.1992149166,87242.638210088
"875",875,75049.0677134445,87247.89032781
"876",876,75134.9362119725,87253.0704998468
"877",877,75220.8047105005,87258.1792223755
"878",878,75306.6732090285,87263.2169915731
"879",879,75392.5417075564,87268.1843036169
"880",880,75478.4102060844,87273.0816546839
"881",881,75564.2787046124,87277.9095409514
"882",882,75650.1472031403,87282.6684585964
"883",883,75736.0157016683,87287.3589037961
"884",884,75821.8842001963,87291.9813727276
"885",885,75907.7526987242,87296.5363615681
"886",886,75993.6211972522,87301.0243664947
"887",887,76079.4896957802,87305.4458836846
"888",888,76165.3581943081,87309.8014093149
"889",889,76251.2266928361,87314.0914395627
"890",890,76337.0951913641,87318.3164706052
"891",891,76422.963689892,87322.4769986194
"892",892,76508.83218842,87326.5735197827
"893",893,76594.700686948,87330.606530272
"894",894,76680.5691854759,87334.5765262646
"895",895,76766.4376840039,87338.4840039375
"896",896,76852.3061825319,87342.329459468
"897",897,76938.1746810599,87346.1133890331
"898",898,77024.0431795878,87349.83628881
"899",899,77109.9116781158,87353.4986549758
"900",900,77195.7801766438,87357.1009837077
"901",901,77281.6486751717,87360.6437711828
"902",902,77367.5171736997,87364.1275135782
"903",903,77453.3856722277,87367.5527070712
"904",904,77539.2541707556,87370.9198478387
"905",905,77625.1226692836,87374.2294320581
"906",906,77710.9911678116,87377.4819559064
"907",907,77796.8596663395,87380.6779155607
"908",908,77882.7281648675,87383.8178071982
"909",909,77968.5966633955,87386.902126996
"910",910,78054.4651619235,87389.9313711313
"911",911,78140.3336604514,87392.9060357812
"912",912,78226.2021589794,87395.8266171229
"913",913,78312.0706575074,87398.6936113334
"914",914,78397.9391560353,87401.50751459
"915",915,78483.8076545633,87404.2688230698
"916",916,78569.6761530913,87406.9780329498
"917",917,78655.5446516192,87409.6356404074
"918",918,78741.4131501472,87412.2421416195
"919",919,78827.2816486752,87414.7980327633
"920",920,78913.1501472031,87417.303810016
"921",921,78999.0186457311,87419.7599695547
"922",922,79084.8871442591,87422.1670075566
"923",923,79170.755642787,87424.5254201987
"924",924,79256.624141315,87426.8357036583
"925",925,79342.492639843,87429.0983541125
"926",926,79428.361138371,87431.3138677383
"927",927,79514.2296368989,87433.4827407131
"928",928,79600.0981354269,87435.6054692138
"929",929,79685.9666339549,87437.6825494176
"930",930,79771.8351324828,87439.7144775017
"931",931,79857.7036310108,87441.7017496432
"932",932,79943.5721295387,87443.6448620192
"933",933,80029.4406280667,87445.544310807
"934",934,80115.3091265947,87447.4005921835
"935",935,80201.1776251227,87449.2142023261
"936",936,80287.0461236506,87450.9856374117
"937",937,80372.9146221786,87452.7153936176
"938",938,80458.7831207066,87454.4039671209
"939",939,80544.6516192345,87456.0518540987
"940",940,80630.5201177625,87457.6595507282
"941",941,80716.3886162905,87459.2275531865
"942",942,80802.2571148185,87460.7563576507
"943",943,80888.1256133464,87462.246460298
"944",944,80973.9941118744,87463.6983573056
"945",945,81059.8626104023,87465.1125448505
"946",946,81145.7311089303,87466.4895191099
"947",947,81231.5996074583,87467.829776261
"948",948,81317.4681059862,87469.1338124809
"949",949,81403.3366045142,87470.4021239466
"950",950,81489.2051030422,87471.6352068355
"951",951,81575.0736015702,87472.8335573246
"952",952,81660.9421000981,87473.9976715909
"953",953,81746.8105986261,87475.1280458118
"954",954,81832.6790971541,87476.2251761644
"955",955,81918.547595682,87477.2895588257
"956",956,82004.41609421,87478.3216899728
"957",957,82090.284592738,87479.3220657831
"958",958,82176.1530912659,87480.2911824335
"959",959,82262.0215897939,87481.2295361012
"960",960,82347.8900883219,87482.1376229635
"961",961,82433.7585868498,87483.0159391973
"962",962,82519.6270853778,87483.8649809799
"963",963,82605.4955839058,87484.6852444883
"964",964,82691.3640824337,87485.4772258998
"965",965,82777.2325809617,87486.2414213914
"966",966,82863.1010794897,87486.9783271404
"967",967,82948.9695780177,87487.6884393238
"968",968,83034.8380765456,87488.3722541187
"969",969,83120.7065750736,87489.0302677024
"970",970,83206.5750736016,87489.662976252
"971",971,83292.4435721295,87490.2708759446
"972",972,83378.3120706575,87490.8544629573
"973",973,83464.1805691855,87491.4142334673
"974",974,83550.0490677134,87491.9506836517
"975",975,83635.9175662414,87492.4643096877
"976",976,83721.7860647694,87492.9556077524
"977",977,83807.6545632973,87493.4250740229
"978",978,83893.5230618253,87493.8732046765
"979",979,83979.3915603533,87494.3004958901
"980",980,84065.2600588812,87494.707443841
"981",981,84151.1285574092,87495.0945447063
"982",982,84236.9970559372,87495.4622946632
"983",983,84322.8655544652,87495.8111898887
"984",984,84408.7340529931,87496.1417265601
"985",985,84494.6025515211,87496.4544008544
"986",986,84580.4710500491,87496.7497089489
"987",987,84666.339548577,87497.0281470205
"988",988,84752.208047105,87497.2902112466
"989",989,84838.076545633,87497.5363978042
"990",990,84923.9450441609,87497.7672028704
"991",991,85009.8135426889,87497.9831226225
"992",992,85095.6820412169,87498.1846532375
"993",993,85181.5505397448,87498.3722908925
"994",994,85267.4190382728,87498.5465317648
"995",995,85353.2875368008,87498.7078720315
"996",996,85439.1560353287,87498.8568078697
"997",997,85525.0245338567,87498.9938354565
"998",998,85610.8930323847,87499.1194509691
"999",999,85696.7615309127,87499.2341505846
"1000",1000,85782.6300294406,87499.3384304801
"1001",1001,85868.4985279686,87499.4327868329
"1002",1002,85954.3670264966,87499.51771582
"1003",1003,86040.2355250245,87499.5937136186
"1004",1004,86126.1040235525,87499.6612764058
"1005",1005,86211.9725220805,87499.7209003588
"1006",1006,86297.8410206084,87499.7730816547
"1007",1007,86383.7095191364,87499.8183164706
"1008",1008,86469.5780176644,87499.8571009837
"1009",1009,86555.4465161923,87499.8899313711
"1010",1010,86641.3150147203,87499.91730381
"1011",1011,86727.1835132483,87499.9397144775
"1012",1012,86813.0520117762,87499.9576595507
"1013",1013,86898.9205103042,87499.9716352068
"1014",1014,86984.7890088322,87499.982137623
"1015",1015,87070.6575073602,87499.9896629763
"1016",1016,87156.5260058881,87499.9947074438
"1017",1017,87242.3945044161,87499.9977672029
"1018",1018,87328.263002944,87499.9993384305
"1019",1019,87414.131501472,87499.9999173038
"1020",1020,87500,87500
